"","袗","袘","袙","袚","袆","袛","袞","袟","袨","袩","袪","小","校","肖","啸","笑","袉","袦","袣","袥","楔","袝","挟","携","","","","",""
"袗","","袗谢袘邪薪褨褟","袗泻袙邪","袗薪袚邪褉","袗袆","袗袛","袗谢袞懈褉","袗袟懈","袗谢袨","袗屑袩褍谢邪","袗写袪械褋邪","袗小","袗泻校谢邪","袗褉肖邪","袗啸","袗泻笑褨褟","袗谢袉斜褨","袗谢袦邪蟹","袗褉袣邪","袗褌袥邪褋","袗薪楔谢邪谐","袗谢袝褟","袗谢挟屑褨薪褨泄","袗携","","","","",""
"袘","袘谢袗薪泻","","袘芯袙写褍褉","袘芯袚","袘'袆","袘褨袛芯薪","袘褨袞懈","袘邪袟褨泻邪","袘袨","袘褨袩","袘邪袪","袘邪小","袘褉校褋芯泻","袘邪肖","袘邪啸","袘邪笑","袘谢袉褑","袘邪袦","袘邪袣","袘邪袥","袘邪楔褌邪","袘谢袝褎","袘谢挟蟹","袘邪携薪","","","","",""
"袙","袙谢袗写邪","袙懈袘褍褏","","袙邪袚芯薪","袙懈袆","袙懈袛","袙邪袞褨谢褜","袙褨袟","袙褨袨谢械褌邪","袙褨袩","袙邪袪","袙邪小","袙薪校泻","袙邪肖谢褟","袙邪啸褌邪","袙褨笑械","袙蟹袉褉械褑褜","袙邪袦","袙邪袣褑懈薪邪","袙邪袥","袙邪楔","袙卸袝","袙懈挟","袙褨携","","","","",""
"袚","袚褉袗","袚芯袘谢褨薪","袚芯袙褨褉","","袚褨袆薪邪","袚邪袛","袚褉懈袞邪","袚邪袟","袚谢袨胁芯","袚芯袩","袚芯袪邪","袚芯小褌褨","袚褉校锌邪","袚褨肖泻邪","袚邪啸","袚芯笑","袚褉袉屑","袚褨袦薪","袚邪袣","袚邪袥褟","袚邪楔褍","袚谢袝泻","袚谢挟泻","袚邪携褌懈","","","","",""
"袆","袆胁袗","袆袘","袆袙","袆胁袚械薪","","袆袛","袆袞","袆袟","袆薪袨褌","袆胁袩邪褌芯褉褨褟","袆胁袪芯","袆小","袆校","袆肖","袆啸","袆笑","袆褌袉","袆褉袦邪泻","袆袣","袆袥","袆楔","袆袝","袆挟","袆携","","","","",""
"袛","袛胁袗","袛褍袘","袛懈袙芯","袛芯袚","袛褍袆","","袛褍袞械","袛懈袟械谢褜","袛褉袨胁邪","袛芯袩芯屑芯谐邪","袛邪袪","袛邪小褌械褉","袛褉校谐","袛邪肖","袛邪啸","袛芯笑械薪薪褌","袛胁袉褉","袛邪袦邪","袛芯袣","袛邪袥褜","袛邪楔芯泻","袛胁袝褉褨","袛蟹挟斜","袛褨携","","","","",""
"袞","袞袗","袞邪袘邪","袞懈袙褔懈泻","袞邪袚邪","袞懈袆","袞芯袛械薪","","袞懈袟邪","袞谢袨斜","袞褍袩邪薪","袞芯袪","袞邪小屑褨薪","袞校","袞肖","袞邪啸","袞笑","袞袉","袞袦","袞邪袣","袞邪袥褜","袞械楔褍胁","袞懈胁袝","袞懈挟","袞懈携","","","","",""
"袟","袟薪袗泻","袟邪袘褨泄","袟邪袙褌褉邪","袟邪袚邪写泻邪","袟邪袆褑褜","袟邪袛","袟芯袞","","袟谢袨","袟邪袩邪谢","袟邪袪邪","袟邪小褨斜","袟胁校泻","袟械肖褨褉","袟邪啸褨写","袟邪笑","袟胁袉褉","袟邪袦","袟邪袣芯薪","袟邪袥","袟芯楔懈褌","袟谢袝","袟谢挟泻邪","袟芯携","","","","",""
"袨","袨锌袗","袨褉袘邪薪","袨袙","袨袚","袨谢袆","袨褉袛械薪","袨袞","袨褉袟芯","","袨袩","袨袪","袨斜小褌邪胁懈薪邪","袨泻校薪褜","袨肖","袨啸","袨笑","袨褑袉","袨袦","袨袣","袨斜袥邪褋褌褜","袨楔","袨谢袝","袨谢挟","袨谢携","","","","",""
"袩","袩谢袗泻褋邪","袩邪袘","袩邪袙邪","袩邪袚芯褉斜","袩芯袆写薪邪薪薪褟","袩褨袛","袩懈袞懈泻","袩邪袟谢","袩褉袨褑械褋","","袩芯袪邪","袩邪小","袩谢校谐","袩邪肖芯褋","袩邪啸","袩邪笑褞泻","袩谢袉褌泻邪","袩芯袦褨写芯褉","袩邪袣","袩邪袥械褑褜","袩芯楔褌邪","袩褉袝褎褨泻褋","袩谢挟胁芯泻","袩懈携泻","","","","",""
"袪","袪袗","袪邪袘","袪褨袙","袪褨袚","袪懈袆","袪邪袛懈泄","袪懈袞懈泻","袪邪袟","袪袨","袪褨袩邪","","袪懈小","袪校","袪邪肖","袪邪啸褨胁","袪邪笑褋","袪袉","袪懈袦","袪褨袣","袪械袥械","袪械楔褌邪","袪袝","袪挟","袪携","","","","",""
"小","小谢袗胁邪","小芯袘邪泻邪","小芯袙芯泻","小谢袝薪谐","小褨袆褋褌邪","小懈袛褉","小袞","小械袟芯薪","小谢袨胁芯","小邪袩","小邪袪邪","","小泻校薪褋","小邪肖邪褉褨","小邪啸邪褉邪","小懈笑懈谢褨褟","小谢袉写","小邪袦","小邪袣褍褉邪","小械袥芯","小邪楔邪","小褌袝锌","小褨挟","小胁携褌芯","","","","",""
"校","校褉袗","校袘","校袙","校卸袚芯褉芯写","校袆","校袛邪胁","校袞","校蟹袙邪褉","校蟹袨褉","校袩邪胁","校袪薪邪","校小褌邪","","校肖","校啸","校笑","校胁袉泄褌懈","校袦","校袣褉邪褩薪邪","校袥褟薪邪","校楔","校卸袝","校挟","校携","","","","",""
"肖","肖袗褉邪","肖邪袘","肖邪袙芯褉懈褌","肖邪袚芯褌","肖袆","肖褨袛械谢褜","肖袞","肖邪袟邪","肖袨褉邪","肖芯袩","肖邪袪褌","肖芯小邪","肖校","","肖邪啸","肖邪笑","肖褉袉蟹斜褨","肖褨袦邪","肖芯袣褍褋","肖袥褟谐邪","肖邪楔懈褋褌","肖袝褟","肖挟褉械褉","肖谢携泻","","","","",""
"啸","啸屑袗褉邪","啸邪袘","啸袙","啸袚","啸懈袆","啸芯袛邪","啸懈袞邪泻","啸邪袟褟褩薪","啸袨褉","啸褨袩褨","啸袪邪屑","啸邪小懈写","啸校泻","啸肖","","啸邪笑","啸谢袉胁","啸芯袦邪","啸械袣","啸袥芯锌械褑褜","啸械楔褌械谐","啸袝泻","啸'挟褋褌芯薪","啸携","","","","",""
"笑","笑袗褉","笑懈袘褍谢褟","笑袙褟褏","笑械袚谢邪","笑袆","笑褨袛懈褌懈","笑械袞","笑械袟邪褉","笑袨","笑邪袩","笑懈袪泻","笑懈小褌械褉薪邪","笑校泻褨薪褨","笑懈肖褉邪","笑械啸","","笑袉","笑褍袦","笑褍袣芯褉","笑械袥褞谢褨褌","笑楔","笑袝","笑挟褉懈褏","笑携","","","","",""
"袉","袉褉袗","袉袘褉邪谐褨屑","袉袙邪薪","袉袚芯褉","袉薪袆泻褑褨褟","袉袛芯谢","袉薪袞懈褉","袉袟","袉泻袨薪邪","袉袩芯写褉芯屑","袉袪懈褋","袉泻小","袉写校","袉肖","袉啸","袉薪笑懈写械薪褌","","袉袦'褟","袉袣褉邪","袉袥","袉楔邪泻","袉写袝褟","袉谢挟蟹褨褟","袉携","","","","",""
"袦","袦袗屑邪","袦芯袘褨谢泻邪","袦邪袙锌邪","袦邪袚","袦邪袆褌芯泻","袦械袛","袦械袞邪","袦邪袟","袦薪袨卸懈薪邪","袦邪袩邪","袦邪袪泻邪","袦邪小褌褜","袦邪校谐谢褨","袦邪肖","袦褨啸","袦邪笑邪","袦袉","","袦邪袣","袦褍袥","袦邪楔懈薪邪","袦袝褉","袦懈挟","袦芯携","","","","",""
"袣","袣袗褌","袣邪袘","袣邪袙邪","袣邪袚芯褉","袣懈袆","袣芯袛","袣邪袞邪薪","袣邪袟泻邪","袣袨褉芯锌","袣芯袩","袣芯袪","袣芯小邪","袣校屑","袣邪肖泻邪","袣邪啸械谢褜","袣邪笑","袣袉褕泻邪","袣邪袦褨薪褜","","袣邪袥懈薪邪","袣邪楔褌邪薪","袣袝褉褔","袣谢挟褔","袣懈携薪懈薪","","","","",""
"袥","袥袗泻","袥邪袘邪","袥邪袙邪","袥褍袚","袥懈袆","袥褨袛械褉","袥邪袞邪","袥邪袟薪褟","袥袨褋褜","袥邪袩邪","袥芯袪","袥懈小","袥校泻","袥褨肖褌","袥懈啸芯","袥懈笑械","袥袉泻懈","袥褨袦邪","袥懈袣","","袥懈楔","袥袝","袥挟泻","袥携","","","","",""
"楔","楔谢袗泻","楔邪袘谢褟","楔芯袙","楔邪袚","楔懈袆","楔械袛械胁褉","楔袞","楔懈袟邪","楔袨","楔袩邪泻","楔邪袪邪","楔邪小褨","楔校屑","楔邪肖邪","楔邪啸褌邪","楔邪笑褜泻","楔袉褋褌褜","楔袦邪褌","楔懈袣","楔袥褟褏","","楔褉袝写械褉","楔懈挟","楔懈携","","","","",""
"袝","袝褉袗","袝屑袘谢械屑邪","袝袙邪泻褍邪褑褨褟","袝袚","袝袆","袝袛褍邪褉写","袝袞","袝泻袟邪屑械薪","袝胁袨谢褞褑褨褟","袝袩褨褌械褌","袝袪薪械褋褌","袝小械","袝屑校","袝谢褜肖","袝啸芯","袝笑","袝谢袉褌邪","袝袦芯","袝袣褉邪薪","袝袥械泻褉褌懈泻","袝楔械谢芯薪","","袝挟","袝携","","","","",""
"挟","挟褉袗","挟褌褍袘","挟袙械谢褨褉","挟薪袚邪","挟袆","挟袛邪","挟袞","挟袟褨泻","挟袨","挟袩褨褌械褉","挟袪褌邪","挟小褌懈褑褨褟","挟校","挟肖","挟啸褌邪","挟笑","挟褉袉泄","挟袦","挟袣邪","挟袥褟","挟楔泻邪","挟蟹袝褉","","挟携","","","","",""
"携","携屑袗","携袘谢褍泻芯","携袙邪","携袚邪","携袆","携袛","携袞","携袟懈泻","携锌袨薪褨褟","携袩","携袪","携小谢邪","携谐校邪褉","携肖","携啸褌邪","携泄笑械","携泻袉褋褌褜","携袦斜","携袣","携袥懈薪泻邪","携楔","携袝","携挟","","","","","",""
"","","","","","","","","","","","","","","","","","","","","","","","","","","","","",""
"","","","","","","","","","","","","","","","","","","","","","","","","","","","","",""
"","","","","","","","","","","","","","","","","","","","","","","","","","","","","",""
"","","","","","","","","","","","","","","","","","","","","","","","","","","","","",""
"","","","","","","","","","","","","","","","","","","","","","","","","","","","","",""